{
    "CAM_FRONT_LEFT":{
        "translation": [-1.57525595, -0.50051938, -1.50696033],
        "rotation": [[ 0.82254604, -0.56868433, -0.00401771], [ 0.00647832,  0.01643407, -0.99984396], [ 0.56866162,  0.82239167,  0.01720189]],
        "camera_intrinsic": [[1257.8625342125129, 0.0, 827.2410631095686], [0.0, 1257.8625342125129, 450.915498205774], [0.0, 0.0, 1.0]]
    },
    "CAM_FRONT":{
        "translation": [-1.72200568, -0.00475453, -1.49491292],
        "rotation": [[ 0.01026021, -0.99987258, -0.01222952], [ 0.00843345,  0.01231626, -0.99988859], [ 0.9999118 ,  0.01015593,  0.00855874]],
        "camera_intrinsic": [[1252.8131021185304, 0.0, 826.588114781398], [0.0, 1252.8131021185304, 469.9846626224581], [0.0, 0.0, 1.0]]
    },
    "CAM_FRONT_RIGHT":{
        "translation": [-1.58082566,  0.49907871, -1.51749368],
        "rotation": [[-0.84397973, -0.53614138, -0.01583178], [ 0.01645551,  0.00362107, -0.99985804], [ 0.5361226 , -0.84412044,  0.00576637]],
        "camera_intrinsic": [[1256.7485116440405, 0.0, 817.7887570959712], [0.0, 1256.7485116440403, 451.9541780095127], [0.0, 0.0, 1.0]]
    },
    "CAM_BACK_LEFT":{
        "translation": [-1.035691  , -0.48479503, -1.59097015],
        "rotation": [[ 0.94776036,  0.31896113,  0.00375564], [ 0.00866572, -0.0139763 , -0.99986478], [-0.31886551,  0.94766474, -0.01601021]],
        "camera_intrinsic": [[1256.7414812095406, 0.0, 792.1125740759628], [0.0, 1256.7414812095406, 492.7757465151356], [0.0, 0.0, 1.0]]
    },
    "CAM_BACK":{
        "translation": [-0.02832603, -0.00345137, -1.57910346],
        "rotation": [[ 0.00242171,  0.99998907, -0.00400023], [-0.01675361, -0.00395911, -0.99985181], [-0.99985672,  0.00248837,  0.01674384]],
        "camera_intrinsic": [[809.2209905677063, 0.0, 829.2196003259838], [0.0, 809.2209905677063, 481.77842384512485], [0.0, 0.0, 1.0]]
    },
    "CAM_BACK_RIGHT":{
        "translation": [-1.0148781 ,  0.48056822, -1.56239545],
        "rotation": [[-0.93477554,  0.35507456, -0.01080503], [ 0.01587584,  0.0113705 , -0.99980932], [-0.35488399, -0.93476883, -0.01626597]],
        "camera_intrinsic": [[1259.5137405846733, 0.0, 807.2529053838625], [0.0, 1259.5137405846733, 501.19579884916527], [0.0, 0.0, 1.0]]
    }
}